version,case,repeat,verdict,score,deployed,expected_deploy,correct,n_challenges,diagnosis,error
v1,bad,1,fail,0.0,False,False,True,5,"This strategy fails on three of five criteria, including one catastrophic failure, making it unviable for live trading. The economic mechanism (RSI oversold pullback filtered by EMA trend) is conceptually sound but the implementation produces no measurable edge in practice. The profit factor of 0.61",
v1,bad,2,fail,0.0,False,False,True,6,"This strategy fails on two criteria catastrophically and shows no compensating strength elsewhere. The profit factor of 0.58–0.61 (post-cost) is less than half the required 1.3 threshold, meaning the strategy destroys roughly $1.63 for every $1.00 it earns — this is not a marginal underperformance b",
v1,bad,3,fail,0.0,False,False,True,6,"This strategy fails on three of five criteria and catastrophically fails on the most important one — cost survival. The post-cost profit factor of 0.58–0.61 means the strategy returns less than 62 cents for every dollar it risks, a structural money-losing proposition regardless of regime or position",
v1,overfitted,1,fail,0.0,False,False,True,5,"This strategy fails two criteria outright and shows serious weakness on a third, making the aggregate evidence unconvincing for a durable post-cost edge. The economic mechanism — buying RSI-oversold dips while price remains above the 50 EMA — is conceptually legitimate, but the implementation eviden",
v1,overfitted,2,fail,0.0,False,False,True,5,"This strategy fails three of five evaluation criteria and should not proceed to live trading. The economic mechanism (oversold mean-reversion filtered by trend context) is conceptually valid, but the implementation produces no durable, measurable edge after costs. The walk-forward efficiency of 0.09",
v1,overfitted,3,fail,0.0,False,False,True,6,"This strategy fails three of five criteria and should not proceed to live trading. The post-cost profit factor of 1.02–1.04 is the most damning signal: after realistic costs are already embedded, the strategy returns essentially nothing — any live execution variance, funding costs, or market impact ",
v1,solid,1,pass,0.0,True,True,True,5,"The EMA Trend Pullback strategy demonstrates a credible, durable edge across all five criteria. The mechanism — buying RSI oversold pullbacks only when price holds above the 50 EMA — is a well-grounded behavioural inefficiency: it captures mean-reversion bounces while the trend filter suppresses fal",
v1,solid,2,pass,0.0,True,True,True,5,"The EMA Trend Pullback strategy clears all five criteria with meaningful margin. The economic mechanism is sound — RSI oversold below a rising EMA captures genuine behavioural dynamics (panic selling within a structural uptrend), and the asymmetric 2:1 R:R structure (4% TP / 2% SL) is appropriate fo",
v1,solid,3,pass,0.0,True,True,True,5,The EMA Trend Pullback strategy clears all five evaluation criteria with meaningful margin. The mechanism — buying oversold pullbacks (RSI < 30) within an established uptrend (price > EMA_50) — is a genuine behavioral inefficiency rooted in institutional buy-the-dip behavior and the tendency of tren,
v1,borderline,1,fail,0.0,False,,,5,"The strategy fails on two criteria — cost survival (PF 1.28, below the 1.3 post-cost threshold) and regime robustness (catastrophic Sharpe collapse from +1.21 to -0.43 across consecutive slices) — which triggers a composite failure per the evaluation rubric. The economic mechanism is legitimate: buy",
v1,borderline,2,fail,0.0,False,,,5,"The strategy has a coherent economic mechanism and acceptable walk-forward efficiency, but it fails on two criteria that together undermine confidence in a live edge. First, the post-cost profit factor of 1.22–1.28 falls below the 1.30 threshold, meaning the margin between gross edge and costs is to",
v1,borderline,3,fail,0.0,False,,,5,"The strategy carries a plausible mean-reversion mechanism (RSI oversold in an uptrend context) and produces a statistically adequate trade count with a walk-forward efficiency that clears the minimum bar. However, it fails on the critical cost-survival criterion — a post-cost profit factor of 1.28 (",
v2,bad,1,fail,0.09,False,False,True,5,"This strategy triggers the hard auto-fail rule: PF_tw = 0.58, which is firmly below the 1.0 minimum required for positive expectancy — the strategy destroyed capital on a trade-weighted basis across all three slices. Even setting aside the auto-fail, the composite score of 0.09 reflects near-zero su",
v2,bad,2,fail,0.09,False,False,True,5,"This strategy triggers the hard auto-fail rule: PF_tw = 0.58, which is below the minimum threshold of 1.0, indicating negative expectancy across the backtest window. The composite score of 0.09 confirms this independently — every material sub-score is at or near floor. The pf_score is 0.0 (PF_tw dee",
v2,bad,3,fail,0.09,False,False,True,6,"This strategy fails on a hard auto-fail rule: PF_tw = 0.58, which is below the 1.0 minimum required for positive expectancy. Every slice recorded a negative PnL, driving consistency_score to 0.0, and the sample_size_score also floors at 0.0 with exactly 20 trades. The only non-zero contributions com",
v2,overfitted,1,fail,0.33,False,False,True,6,"The strategy fails to clear the 0.50 probation threshold, scoring 0.33. No hard auto-fail is triggered — PF_tw is 1.02 (above 1.0), trade count is sufficient, and the mechanism (RSI-oversold dip-buy filtered by EMA trend) is plausible if generic. The verdict is driven by two catastrophically low sub",
v2,overfitted,2,fail,0.33,False,False,True,6,The strategy fails the composite threshold (0.33 < 0.50) without triggering a hard auto-fail override. The two dominant drags are a near-zero profit factor (PF_tw = 1.02 → pf_score = 0.04) and a catastrophically low walk-forward efficiency (WFE = 0.09 → wfe_score = 0.13). A PF of 1.02 is statistical,
v2,overfitted,3,fail,0.33,False,False,True,6,"The strategy fails the composite threshold with a score of 0.33. The two lowest sub-scores are the primary drivers of the verdict: the profit-factor score (0.04) is near-zero because a trade-weighted PF of 1.02 is barely above breakeven and leaves almost no margin after costs, slippage, or any live-",
v2,solid,1,pass,0.95,True,True,True,5,"All quantitative sub-scores hit their ceilings: PF_tw of 1.71 yields a perfect pf_score, WFE of 0.86 exceeds the 0.70 normalizer, all three slices returned positive PnL (consistency = 1.0), and 144 trades well exceeds the 60-trade saturation point. The only drag is mechanism_score at 0.5 — the EMA-5",
v2,solid,2,pass,0.95,True,True,True,5,"All quantitative sub-scores are at ceiling: PF_tw of 1.71 fully saturates the pf_score (clip at 1.0), WFE of 0.86 exceeds the 0.7 normalization anchor, all three slices show positive PnL (consistency = 1.0), and 144 trades is well above the 60-trade saturation point for sample_size. The only drag is",
v2,solid,3,pass,0.95,True,True,True,5,"The strategy clears every quantitative hurdle comfortably: PF_tw of 1.71 drives pf_score to its ceiling, WFE of 0.86 exceeds the 0.70 normalisation anchor, all three walk-forward slices are profitable (consistency = 1.0), and 144 trades is more than sufficient for statistical confidence. No auto-fai",
v2,borderline,1,probation,0.66,True,,,5,"The strategy clears all three hard auto-fail checks (PF_tw 1.22 > 1.0, 111 trades, plausible mechanism) and lands at 0.66 — inside the probation band. The weakest sub-score is profit factor (0.44): a trade-weighted PF of 1.22 is thin, providing limited cushion against live slippage and spread wideni",
v2,borderline,2,probation,0.66,True,,,5,"The strategy clears all hard auto-fail checks (PF_tw = 1.22, 111 trades, mechanism_score > 0) and scores 0.66, landing firmly in probation territory. The lowest sub-score is pf (0.44), reflecting a profit factor of only 1.22 — the edge is real but thin and does not yet justify full-size deployment. ",
v2,borderline,3,probation,0.66,True,,,5,"The strategy clears all hard auto-fail thresholds (PF_tw 1.22 > 1.0, 111 trades, coherent mechanism) but lands in probation territory at 0.66. The binding constraint is the low profit-factor score (0.44): a PF of 1.22 sits only 44% of the way between breakeven and the pass bar of 1.5, leaving very l",
v3,bad,1,fail,0.09,False,False,True,6,"This strategy is an automatic fail under the hard rule: PF_tw = 0.58 < 1.0, confirming negative expectancy across all observed periods. Every sub-score reinforces the verdict — pf_score is zero (PF below the 1.0 breakeven floor), consistency_score is zero (0 of 3 slices produced positive PnL), and s",
v3,bad,2,fail,0.09,False,False,True,5,"This strategy fails on the hard auto-fail rule: profit_factor_trade_weighted = 0.58, which is well below the 1.0 floor required for positive expectancy. Every sub-score compounds the picture. The pf_score is 0.0 (PF of 0.58 implies the strategy destroys roughly $0.42 for every $1.00 of gross winners",
v3,bad,3,fail,0.09,False,False,True,5,"This strategy is an automatic fail on the hard PF_tw < 1.0 override: a trade-weighted profit factor of 0.58 means the strategy destroys roughly $0.42 for every $1.00 it earns in gross wins — a definitively negative-expectancy system. Even setting aside the override, the composite score of 0.09 refle",
v3,overfitted,1,fail,0.33,False,False,True,5,"The strategy fails to clear the probation threshold primarily because of a near-zero profit factor edge (PF_tw = 1.02, pf_score = 0.04) and negligible walk-forward efficiency (WFE = 0.09, wfe_score = 0.13). These two sub-scores together — weighted at 60% of the composite — collapse the total to 0.33",
v3,overfitted,2,fail,0.33,False,False,True,5,"No hard auto-fail triggers fire — PF_tw is 1.02 (above 1.0), total trades are 104, and mechanism_score is 0.5 — but the composite score of 0.33 falls well below the 0.50 probation floor, driven almost entirely by near-zero pf_score (0.04) and a critically low wfe_score (0.13). A profit factor of 1.0",
v3,overfitted,3,fail,0.33,False,False,True,6,"The strategy clears all hard auto-fail checks (PF_tw = 1.02 > 1.0, 104 trades, mechanism_score > 0), but the composite score of 0.33 falls well below the probation floor of 0.50. The two dominant failure points are profit factor (pf_score = 0.04, reflecting a PF_tw of only 1.02 — essentially break-e",
v3,solid,1,pass,0.95,True,True,True,5,"All quantitative sub-scores are at ceiling: PF_tw of 1.71 implies a pf_score of 1.0 (well above the 1.5 saturation point), WFE of 0.86 exceeds the 0.7 normalizer, all three walk-forward slices are profitable (consistency = 1.0), and 144 trades comfortably saturates the sample-size score. The only sc",
v3,solid,2,pass,0.95,True,True,True,5,"All quantitative sub-scores hit ceiling: profit factor of 1.71 drives pf_score to 1.0, walk-forward efficiency of 0.86 well exceeds the 0.7 normalization point, all three slices returned positive PnL for a perfect consistency score, and 144 trades comfortably saturates the sample-size cap. The only ",
v3,solid,3,pass,0.95,True,True,True,5,"All quantitative sub-scores are at ceiling: trade-weighted profit factor of 1.71 maps to a perfect pf_score, WFE of 0.86 exceeds the 0.70 normalisation anchor, all three slices are profitable (consistency = 1.0), and 144 trades comfortably clears the sample-size floor. The only sub-maximum score is ",
v3,borderline,1,probation,0.66,True,,,5,"The strategy clears all hard auto-fail checks (PF_tw 1.22 > 1.0, 111 trades, plausible mechanism), but falls short of a full pass at 0.66. The lowest sub-score is profit factor (0.44), reflecting a thin 1.22 PF that sits well below the 1.50 target — a modest shift in fill quality, fees, or regime co",
v3,borderline,2,probation,0.65,True,,,5,"The strategy narrowly lands in probation territory at 0.65. The weakest sub-score is profit factor (0.44): a trade-weighted PF of 1.22 is positive-expectancy but thin — only 22% above breakeven — leaving little buffer against slippage, funding costs, or regime shifts. Consistency is also a drag (0.6",
v3,borderline,3,probation,0.65,True,,,5,"The strategy clears all hard auto-fail thresholds (PF_tw = 1.22, 111 trades, plausible mechanism) but falls short of a pass at 0.65. The binding constraint is a weak pf_score of 0.44, driven by a profit factor that sits only modestly above breakeven. The consistency sub-score is further dragged down",
